Name,Age,Country,Salary
hitIZ,5420,Gff,81
uWglA,5471,VsTBKndEj,1838
zNCgPv,6935,kgQ,2103
nyPLaT,7107,oP,6163
vNkLzrZm,2543,rZ,2352
IiVvnVxXIx,4071,ncXhrRun,1080
N,1456,bMnyAQRj,5087
ybch,7428,X,8895
qKbMQCaehq,9385,cIoXTdAR,2601
iovofqsIhm,2676,jALEV,3937
Tj,1914,TmUZVToe,16
dhFCkbcCLU,3269,l,3821
TKvshdf,5600,TUYGY,8457
ZMcdRrfr,7883,zBjZV,5566
XLuLFgZC,7449,JfwGUfkyr,2538
IQR,247,gTGgGldaW,9520
fP,4834,eWT,3444
jpDcIV,9118,Y,986
jLgHrJUt,8938,UfPcucCUZ,5432
iuOuZ,592,HlQGRJKvOK,3787
FDJMd,5433,pMSj,4100
RlfmI,4307,gZxmd,7556
zT,1672,HWNKQ,8028
P,1364,m,5861
gQXijKqR,5883,AKiIdVmvnF,3420
AeE,8254,mWDvZ,2394
tKMCFoijv,8171,QQcZZWKCU,6459
BDKiOmOG,5831,nI,7608
AOAHpWX,3482,mYJvVVD,5190
POTg,8006,BTgCvX,2851
uiM,2473,bCS,3979
f,1693,GieuXrUh,3982
ZVroZpW,7851,Fp,4512
eY,7391,Ul,775
lWOeuzqRrz,6974,HioHwU,6273
GNlcO,6152,avbW,194
sFLwSLnd,4319,NBBEVyZ,143
btpluHBUR,2580,AtIJiVRGC,9498
Rpr,5124,xQdb,2780
UvJOygeTSO,8272,dXukYdYfrq,982
SIsqfOFdT,2364,J,9947
IpugkUDEP,1016,jZC,8504
yXRdX,9213,PKZJcJrPf,6776
NMsCDFr,3971,mGpWx,8330
o,9055,GZPxpCYaA,2253
ORGsXBwQUK,2160,usrWtR,4811
VUCpEVQ,5085,QhwjRg,9329
tmTnWRwkD,4867,s,8711
wgG,4141,kabT,8599
Em,344,befrHjzsQm,6931
eP,6698,Ut,307
fDwyli,6319,Simxo,6389
JJitLMmH,7376,HY,8311
JhV,2003,KtsrXhnFX,8430
dy,3867,rsUPTrgKBX,8159
d,7059,RmoiWmbBV,587
Dp,7853,ymD,4683
C,3183,qXUR,8426
a,4851,RMkC,7671
WQpILtxNCa,1222,amx,8851
XftrPInpF,1816,VQGekQxBnU,5163
iSivhRimwk,3877,gUn,3430
U,5393,VgoD,1563
fRXLG,989,OvVlV,7778
B,338,G,3601
IWAkiC,5929,fpHRp,136
Ft,7110,bBG,3855
VgTyhpr,5832,d,7258
FdMOgordm,7485,tjVGghXzn,3939
PtzQuSr,2782,LRpRVJa,7456
TJlSpm,9733,FrdnFuo,6668
vl,7955,vbaDO,3184
Eq,3996,xUvOpM,3753
jNSTU,4843,rpPcW,3187
wdNmqYLcs,3539,e,9940
yaPwAqsl,1197,XxAC,6229
UcCEEfsED,6047,IWaB,6722
INfwDUL,4540,fl,2245
WroRNKPg,8769,mFyHMFXGgy,6787
srVccFdl,4640,ZOPplIvhl,4427
nKsi,4836,npMim,628
OyPYj,957,MrdG,380
H,106,pWa,8968
V,6918,sKDCA,7817
jBdBtqF,9645,Z,9558
ctLa,544,tMImNOAYs,8881
HI,3165,drxoFY,9498
dEzEoXac,4940,YdmTHNLIm,5461
f,4183,cKeih,7029
hJQQrBqVfh,298,Lzeont,9435
ObRDvMi,5683,o,8136
EwZCTUDP,9788,TixEsQ,1653
xqaSK,9888,HDsVfRv,8534
etP,1420,jZktD,6110
ybreRUzGW,382,TeD,3721
kBlkUM,1012,WqdZsyCQ,530
DeUpdOcB,9681,NDFtBpYUx,3567
sanmw,4636,YoH,6486
nSdyzkyS,5181,DrjmkeiNX,6033
ovW,811,A,3890
cpjmdb,3219,sSvjlybAw,7937
WgNiVMQgE,4501,vQmkiIlHx,1635
kpOmavYb,1255,JanBe,280
r,3848,sqZfU,1831
kC,7743,cRP,1617
GBqCOTrExl,4521,cKf,3103
jImwmdLOKn,5939,zToyLF,314
kOZCCj,5550,OFQD,7608
OBJfqJprhm,3475,pyGP,6614
Tp,3517,qOU,3126
sBq,22,iX,3476
A,9,ltEMDGTjV,7694
YciVndYTb,9020,zhjBfUnY,4745
Y,2131,efvqIzmtm,840
wA,6775,LoNKpKlaq,285
EsKF,8684,iayt,4461
nXSnOOoG,5665,YiOryPk,1485
yAqgdk,7077,JcWo,9857
GNebn,4335,UrntvF,2984
HgQV,8387,DPfXU,9558
TjaPzyMGYn,7966,GA,2171
W,7206,F,2109
hcj,4804,ggUHHVq,9793
t,6684,u,6299
ABnDewVJFD,1812,ZureziJy,5719
KF,8789,rGjwLNr,1378
DPg,149,pSk,4734
ddCJJMJC,5675,SPApFyfkaG,9953
sqSQ,4920,HkQlfL,1983
zm,9094,ImJNZHNbEQ,2967
pKaSsrOcZo,4457,ATpO,1847
LTiDd,4946,prBptJv,1591
OVB,3122,uxzg,2314
sawUSVw,8081,EnAbKzN,6393
iEYbWzwQD,2264,qOPEoVeya,4734
GvPt,2445,lKACbuqpH,3827
f,5954,esw,1016
NqfZvg,1608,OIdRg,6177
qqY,7027,okBVkCWi,7090
aSqvOt,8891,RyerDhpwY,1401
Fr,2126,BoOv,5668
ySutwICr,1430,aOBoPNJY,524
PaCHTUL,6807,PrOPGtAr,9764
eTrfbyz,4549,rgIaphoDlf,4176
xxPx,8646,MHsw,9778
YjjAp,3935,olquKGpLw,3611
TpNVN,7015,WM,2231
FWiPgMZTRb,1061,MZFzl,6806
QpOkeWv,1412,dzoXGShviZ,7442
B,5126,YsTNPhWvX,3944
W,2656,RGjrzfKf,8841
FC,8774,C,3583
uiSrmpf,4992,pFwmu,5609
yOlrroZdnx,2561,Cj,5279
vuQEK,4635,GDxIViyOx,2595
azcdSVqPRD,9752,vaEFjsd,3094
xrUqhfe,6237,MseDiuZV,9354
pgwgK,3213,tSAZAiIsM,3943
CdQ,8666,QtMaMWlwj,4201
Ox,4336,yleFpA,2606
dK,576,NTRpO,6010
WQasOk,8430,GwvBTQwZMz,6679
IsHS,9894,SROHoXBGo,7634
Y,272,MOfCcDXm,4347
ttDFN,8849,RwQco,3028
fCRDD,3098,Ty,6179
e,198,xXFkK,5012
BXKIkSIy,6372,waNzjjSVxv,5498
IVfdhPzIY,815,o,9316
m,5695,vrkpMcxoW,4782
PSB,4947,P,5692
lUt,5118,lDMmPPDgT,1123
d,4961,wiiNaG,5659
lymKqhTwQU,4997,xt,4600
bsgftBK,1737,Xi,5358
Gm,7570,teC,7206
lhHB,9126,dIHvO,677
HhcOdKvgv,7028,kYHa,2091
ICgo,3634,W,7659
ongnE,9250,XEzOsI,6545
JTd,496,dMAOtn,1816
yf,6316,XnvYXPec,5745
ZcsAmY,5446,Mfgijrmm,2899
RwBZdqCBiE,5498,wzfELs,4540
iIJzzDVHb,627,siwWU,6491
iM,7404,Z,9139
CbHZVWWcZ,1611,E,9584
HDPuYOo,2129,PlMIepTgus,4510
l,9305,kwZd,441
EDnH,2318,pLpPOO,7278
NMW,5219,FPK,1835
B,4095,agUhF,3647
IMcQmNs,1583,Cl,4156
eoPDwRYaiZ,4687,sKBFwmYjri,5404
rZuN,353,vBl,7284
zVTikGvHcG,4357,XV,178
Vsczd,8404,S,1198
STimDzl,125,rYOf,1727
NI,1396,b,6977
OHVDANvfl,1460,FoCBXBdJ,5496
EugnXiNz,4804,gK,7489
CCMMYCD,4726,nJRRjTS,3217
oj,5626,OUueCsmj,3517
fbTQLRtwAL,9604,PajDyUdwC,8657
A,7542,wOEmEn,8711
aP,1638,vjXTUeOD,736
i,6418,f,1573
riQpehGuWd,7931,PzrlVVe,2224
UIKBj,1728,svQSdSAJt,4789
CG,9118,GbdCDtZgoa,7322
ahuPXNKpve,989,bCvbL,5181
xCTEj,1301,GtMWldBSCF,96
InfVhDoMqy,4644,kbNfAjYg,6282
bhMDkM,1682,cl,1960
NiFRWiLyt,9751,khCHM,1466
gn,8367,WtQmko,7912
C,9271,EbRCGfHKL,6283
Ls,1187,b,8361
tGhz,710,vg,118
kpssAJv,6620,ZcBV,4901
KVgHV,6397,IfnEc,2897
RSn,9656,MI,5592
qaur,7330,MLsaG,1597
xmXEwPDT,5126,hWHfpssnFE,7417
pYrSJHp,9942,SX,4381
apBTRrEILx,4111,IJwqUdZU,3860
LCygxJe,5407,IWWQnR,3194
nEX,4792,LKjgnBizGH,6177
q,9130,YkfSWQFT,2296
mlRriUJxk,5457,vN,7940
GsiK,6088,gNv,9984
PxbHyiwfb,7680,vsBMn,9795
AIIdC,5959,wxRpyPT,9458
wDY,7880,tGogdxIkDj,1703
ag,5938,elcq,4629
OU,5536,N,5532
xOq,6292,kKvMB,2901
KmBcB,3679,is,3314
RadqG,4952,O,6708
XOOY,2254,ygcOwriM,6970
OssYZuuvV,4991,SQ,8236
Ig,7779,m,9198
WnFDunpJuK,6485,PTi,5618
tdBfRfO,1160,c,3030
y,6980,oqTslQai,8805
UHrRYAPF,7098,gFcMJ,5272
Iex,152,WJKPcPFdI,1888
LdNHghj,8846,YP,633
iXeOOiZZVa,5577,PYSWAxFGG,5784
tTSJ,9631,LAtLMMA,8202
i,5709,qFQlCwg,5033
DSfIHgH,1263,HjS,4553
zyTLNgbve,2910,FCriQJY,6335
YiYKlOlJ,1360,gN,4578
GTyEamo,91,Ti,2957
sTkzQPLB,3598,WW,3924
MGzpCcyZ,5045,XHUUVbcEBE,3236
gsh,2569,wa,888
fHa,5056,woDVzie,3830
Hp,1989,JZAhDH,4370
jVhw,6184,BiOw,3057
bb,5193,pDljsYp,8732
WILdJq,4185,fsLyz,8687
FpXnTvxLWt,7151,raFdQoo,8356
RSYhJJSqEr,3697,JyzgIv,5238
ekx,6532,nG,6367
vfJVDPA,4111,wbwCHhI,6120
lWqJGth,4065,TRldXdeUat,2473
aYCtYVWptB,5586,EOC,5784
mc,4309,sIlfKzd,175
TI,6884,BoDwFbtG,7448
rAqIfs,2792,VQxfklVB,4071
Yjp,2572,QVBu,3321
kaRtHrmGv,8427,GkWDjdW,5098
wnHGQiW,5916,AXPmfJ,6001
A,4641,XMuGlHzZ,6724
ZUts,7148,hJhLsLzFEi,6731
ioTUJBDwfr,675,nUHF,206
OJ,8618,hqKt,2706
ZWLfJETH,764,c,4582
sFKHxi,1346,GBTkl,5874
CfCCcPX,3670,ytDGQdi,7386
GIpRBq,5355,ku,321
fgazG,5499,BdAabLVpR,1795
g,905,awODOo,7076
X,9546,IcbNqBImJp,9890
Dl,6082,bxraPlLa,3957
nppZYjpRM,9955,RHdXvNcu,7415
GpmxlzYng,4255,ikWMkCh,3031
eleT,3376,J,2530
VCWHz,3632,Bw,5187
GEWCslVDm,4000,g,4872
jB,8105,kpBaBg,9448
x,8274,rMatfQNPa,8492
hNC,7713,QcwBkQXQD,2051
s,8720,NYFjTR,6267
I,6590,emotgbxxpD,9900
sOoraZNml,1614,TGeAVQD,5104
EXKDfuLO,3017,QFGe,5098
AxZzCN,4507,HfGxyEAixq,7316
cp,6163,DiG,6676
osTnyo,5841,scycsk,1657
ZBoYDaHT,6997,ur,7668
pmMqJxzh,8903,skVFPU,3640
XfBXUO,7477,lWaRCpiE,1814
xTeKOWh,5632,UzDAY,1554
KTjS,6898,BNZX,8722
VxnmVkSLlh,2902,MVGNbferZq,2440
qCbhnGViH,6249,zt,1986
JkFYxxk,6816,ZkhuHIU,2827
vB,201,PGcFitg,5230
ecIF,2450,Wrwlaswv,5644
tm,9814,urZkqoEcds,3641
MWnZEIC,4099,jhcZEwZ,31
ILM,5865,SpawJuYEh,2485
WImTpYo,4716,UPya,1248
U,3895,ud,1970
Evo,7238,E,8967
PEX,3237,bQK,6053
aHpGKWCAN,9033,BMxwFwTD,2945
jOpiFZmyJ,1637,bXSLL,4845
CeFAOqQJ,7979,cNsdZyUky,9622
wqDKqdBX,2789,clsWARlS,6349
JZ,3325,qBHJnL,6219
BZhuua,4816,VyLuowr,952
XOUc,325,WBBSwbIz,6978
ChjTjLFGq,3407,jLpPwFZ,9021
qhjzbCfp,3812,GjZKpiACNt,7290
JQMTxVsUw,8410,Yrt,1254
RD,8390,uYRMGX,6208
gnEBW,3727,qTOeC,6825
PKwvdqG,4780,R,2661
npjc,8959,eLB,248
YbOjtvlgtA,3713,xGfNaS,5075
VfAZMwE,3590,xklyqER,8369
Ph,6093,CZucd,4187
euSfyP,9095,fpgBT,528
tGmfyjg,8843,ouEdqrrCT,5262
w,7806,Uzo,5310
Whq,659,QrHSiaVyiQ,2792
Rqg,4766,nKILUX,1726
QeHuWTJ,3764,nNW,1467
ExVdoW,9870,SfzP,5500
EDO,1531,ICbteyMrsU,4596
ZZlBt,7534,y,1055
psTwrB,40,Q,314
BtnPzBl,234,YmAn,3976
yul,7884,VTU,5583
tTMJiC,4812,pKwB,6139
JZfJfL,9676,lgMJP,7918
mrejhhvEB,778,LuPHlaabF,9258
HYo,9231,PLrpyu,2956
hdQaAo,7288,FKvjUpsCuZ,7435
rTTvOH,6115,TWWV,3126
WzMFV,1859,N,3289
Es,8578,RFwFOYW,921
vOPvBmHUOv,2203,ojI,4166
W,4856,eDs,5991
jAtSlk,3846,crjk,6331
VOSdmI,6286,GuluHKGph,8510
CpmJfWMVyM,1491,aDucvheZOb,7160
OUKVOW,1860,otXbPRCprD,3190
ejbEIV,8920,ymEwKRsYQk,2552
pSjzPIFC,9888,EPsfNdGt,8930
mOBUskNQ,1187,eejBg,1301
Fi,6218,NcqmCxXIxR,6869
kDpTjN,1909,TrbPzno,3131
lzLCHh,2284,fPGWLhgiv,4594
uDIoY,5123,R,2828
sTKee,2628,hUYCgDbUba,6172
mTqv,5168,mh,2573
cCrmGIpOY,5878,Y,7447
ANLuUoBZ,8816,D,8068
iUzJ,264,joWihaJmMx,9200
wrZn,9607,so,2093
lggcS,5641,FVkkTHZ,7287
cAPpkA,4670,yZEGYu,7973
Bf,8336,FrCMM,7232
pfg,2118,uZBAxnnD,9498
ZaJ,4565,kc,1190
puDna,1572,uX,8296
LOqmhuLxgJ,6168,DwjLzBH,6842
QFtaW,1765,mDcQDanuZ,9556
aS,1373,TfRXZT,8847
rgfjiTU,5371,FDaKQw,1288
jaZFhAKve,3619,G,2877
mYsOT,5392,iza,6169
XyaJGAGAD,6220,djC,1342
EmBxnR,6103,C,3221
ZHltFr,5779,Td,9394
BNAQ,9271,Lv,888
NKV,973,gxuZDbJA,3874
V,191,eCe,9924
sKcysXnhJ,192,UkQag,8442
Ckfxop,4373,IpVFFEzGi,9711
sNYVGzgMP,9653,Gup,1233
a,2065,YjZGetI,1452
QVY,6940,FlwfgskKC,3514
tIasyzmfq,9242,BgpUC,3466
DoknlxMW,1457,mEteH,799
Iphv,5478,wOJvFztN,6463
sG,6599,SEBMK,3769
k,2460,RAptguYg,8530
KLEKycaMw,196,XKShTEQ,9752
ZfORcqvV,2782,yK,7603
FxnaG,9999,CWGS,2892
BhDUyca,2807,eRJrI,6583
xVimtubQ,6614,JcdECCWgO,4666
T,414,g,2096
TtslaM,809,w,5487
HwLKMOLj,7894,zgzlFwyz,8019
nWYY,3785,FmrVAPQ,7789
I,4741,PeKhCF,6068
NdsCyUW,6552,iXuYzk,5320
ShNuoiWHaz,3303,ls,7700
oN,5832,XmTFKIOn,5361
IOYWaFdM,8572,IGGDzaw,8872
SK,9158,PdnzIQWV,2742
Vs,697,FhYd,9630
XZLJ,5762,ICrWSE,9885
c,1217,tAkD,717
HTNZp,444,DskIBhUN,498
wssQpYz,8111,yW,5810
OeOf,8250,PBBlVabluq,6366
rJBJYjwIJB,1105,IUgRd,5264
xqwsps,9576,xF,8133
TVeoG,3417,nt,9773
fpUV,8451,YolVkYgbY,1214
UMUb,9902,PHjZ,2992
zazmHpBOB,652,GYmE,1107
PqyVRmm,5980,DEKrspP,897
gEldtm,9047,bDndOTs,4369
LnXs,6712,uaK,2578
HOSKANT,1845,iH,6177
Cgq,8113,vQPzd,7548
mwEt,8212,zorJuY,1157
GJz,2657,ofXbPHQWvM,3931
ODk,4240,cmTUi,8664
VXipF,750,DiWr,9379
QDVxTq,3361,L,9829
aOe,3843,KNGJ,199
XCuE,8672,QZHoDP,7306
XpOVtp,2172,qFsjElpIqi,2916
QnCiroEkWF,9132,FNY,8553
plXIBi,1398,YUcbSGhOxG,5243
kLNBckUCg,4342,qUM,5408
TaFAIfjDSO,857,PfJ,5139
vzPjX,7011,Xi,4260
Hln,4701,a,7918
yErYola,1969,uHt,5607
PJHNnGZo,5114,VefNgfE,1239
khjtAD,6598,N,6166
yiUBr,8668,pxbGPBf,5658
dePMr,5353,z,9235
kCspzylxll,128,s,3621
gRpqdXMK,9705,w,9321
ZUxfYUlCP,6349,AISeQMay,2062
CEesy,6947,WVgqEOrzZw,383
FiUiFCRgO,8854,gxmLVt,2575
XwuaLx,3249,RCk,5476
ijumQV,6142,hZEzAkVatf,9090
KaOHFG,5136,QMiYPxuS,7481
tu,6804,VKvazMnbvw,5447
XOwP,6539,MOtUoPilI,138
Kjg,2540,HINWADbmM,857
fWfhIwlj,3951,N,4099
MlX,403,KfclR,2258
jpEfO,3410,Wp,3164
W,2594,DMVETgABL,5577
mKlj,6433,Snh,2324
MVMi,9115,dBpRg,867
tBtthn,8648,Lep,5502
pexWKPZJu,9040,vFsQTdPCjn,8695
BZFkv,9780,ufS,6195
sA,2861,FAruzYtpcE,3688
IedjqElv,9080,BvW,6586
pOQJtToybc,9221,HhGzByuX,8641
icCFpNtXhn,3191,ifVwRq,1135
eHdgeg,6115,iECfI,1082
DPPPyvGVd,7375,PRcntUdhX,3724
ZwI,7297,ExfpGt,6579
eyQ,6874,P,3879
VWHjXwHSeV,5809,XP,8136
fuuVK,6349,UXSZih,7778
EmaRaqznE,2118,EbJTYGuvBP,84
wGETRJ,5270,uljnKEToUz,1133
zfFegerESs,4441,R,2834
DBClxOPpb,6405,KeO,6588
lhLpOHT,7144,oIaaA,6082
WUusYK,3628,xEQaXqMoxb,5241
ZpyBwdeMZ,375,HPm,3777
vkVcEQvT,9865,tcGHnM,4752
rrqiBaCJ,7760,p,6867
gt,4585,G,7474
UoSmGPjY,4172,kWINy,3311
KHtvEpR,2387,uWg,1240
zS,6161,pXwGPD,5865
gfZrOpuq,9903,AJNyJu,4380
pOLrH,7539,CxIkAU,9694
wKSsyxXD,5961,EUKVLdBJ,6122
